documento,nombres,apellidos,tarjeta,tipo,telefono,poligono
031285921-7,John Doe,Simpson,4321567890123456,Platinum,22223333,"POLYGON ((-89.203334 13.692333, -89.174612 13.690872, -89.176462 13.676983, -89.197479 13.675995, -89.203334 13.692333))"
094827561-2,Jane Smith,Johnson,5432109876543210,Gold,44445555,"POLYGON ((-89.221187 13.699255, -89.205200 13.703199, -89.200292 13.696400, -89.214708 13.693748, -89.221187 13.699255))"
123456789-0,Michael,Williams,J5234109876543210,Diamond,66667777,"POLYGON ((-89.234567 13.712345, -89.222222 13.715678, -89.215678 13.705678, -89.230123 13.702345, -89.234567 13.712345))"
987654321-5,Emily,Jackson,E123456789012345,Platinum,88889999,"POLYGON ((-89.198765 13.722222, -89.185432 13.725432, -89.180123 13.716789, -89.195678 13.712345, -89.198765 13.722222))"
876543210-3,David,Anderson,A9876543210987654,Silver,11112222,"POLYGON ((-89.204321 13.732222, -89.191111 13.735555, -89.184444 13.726666, -89.199999 13.722222, -89.204321 13.732222))"
